item,itemLabel
Q11270093,정세균
Q12625469,홍익표
Q12617992,지상욱
Q12618296,진영
Q16174531,전혜숙
Q11274387,추미애
Q16168735,안규백
Q12596213,민병두
Q12601044,서영교
Q16082619,박홍근
Q12609873,유승희
Q23894231,기동민
Q12615823,정양석
Q16175227,박용진
Q2947463,인재근
Q12587661,김선동
Q24000510,고용진
Q16090388,우원식
Q20995,안철수
Q12587781,김성환
Q16082227,박주민
Q22972717,강병원
Q16090384,우상호
Q24856311,김영호
Q12590416,노웅래
Q21058754,손혜원
Q24856300,황희
Q12588221,김용태
Q12586585,금태섭
Q12587766,김성태
Q12624300,한정애
Q16091058,이인영
Q11521597,박영선
Q24856314,이훈
Q16080318,김영주
Q16084079,신경민
Q26924478,김병기
Q6956410,나경원
Q12587732,김성식
Q19940527,오신환
Q16091294,이혜훈
Q24000498,박성중
Q12612629,이종구
Q12615381,전현희
Q12612338,이은재
Q12597014,박인숙
Q24856298,최명길
Q16092210,최재성
Q16187393,남인순
Q12618257,진선미
Q12604911,심재권
Q16080217,김무성
Q12609690,유기준
Q12588095,김영춘
Q12613110,이헌승
Q16091168,이진복
Q12588607,김정훈
Q24000528,박재호
Q12615269,전재수
Q16080185,김도읍
Q12622556,하태경
Q12597619,배덕광
Q55732959,윤준호
Q24856313,최인호
Q12616567,조경태
Q16080285,김세연
Q24000530,김해영
Q16170128,유재중
Q12614683,장제원
Q12610280,윤상직
Q16079857,곽상도
Q16091728,정종섭
Q12609867,유승민
Q16080258,김상훈
Q24000552,정태옥
Q16092650,홍의락
Q12587534,김부겸
Q16091999,주호영
Q16080079,곽대훈
Q12610412,윤재옥
Q12616968,조원진
Q12619978,추경호
Q4696248,안상수
Q12625477,홍일표
Q16090633,윤상현
Q24000516,박찬대
Q16799644,민경욱
Q16081369,박남춘
Q31178821,맹성규
Q16090618,윤관석
Q24000555,정유섭
Q12625446,홍영표
Q24000557,유동수
Q484024,송영길
Q16091262,이학재
Q19940257,신동근
Q16091444,장병완
Q12597136,박주선
Q24000600,송기석
Q55731119,송갑석
Q12618957,천정배
Q21575768,김경진
Q24856358,최경환
Q16080202,김동철
Q12586127,권은희
Q12612437,이장우
Q24000559,이은권
Q16079899,박병석
Q12596659,박범계
Q24000561,조승래
Q12611638,이상민
Q12615854,정용기
Q12615445,정갑윤
Q12612887,이채익
Q11986047,박맹우
Q24856319,김종훈
Q24000521,윤종오
Q55733229,이상헌
Q12582750,강길부
Q319920,이해찬
Q16091179,이찬열
Q17401310,백혜련
Q24856326,김영진
Q12596512,박광온
Q10855898,김진표
Q16080572,김태년
Q12604323,신상진
Q22973130,김병관
Q24856318,김병욱
Q12595907,문희상
Q12625372,홍문종
Q16079943,이종걸
Q12611720,이석현
Q50062431,심재철
Q16079861,김경협
Q12601823,설훈
Q12587629,김상희
Q11263813,원혜영
Q12597908,백재현
Q12612008,이언주
Q12609323,원유철
Q18815659,유의동
Q24856316,김성원
Q16091570,전해철
Q12588973,김철민
Q16080213,김명연
Q16081799,박순자
Q11255427,심상정
Q19941078,정재호
Q16079929,유은혜
Q16080678,김현미
Q24856324,신창현
Q12610532,윤호중
Q24000517,조응천
Q16093562,김한정
Q12617313,주광덕
Q16079799,안민석
Q16092474,함진규
Q12617041,조정식
Q24856325,김정우
Q16091259,이학영
Q12613145,이현재
Q12612211,이우현
Q12587395,김민기
Q12624094,한선교
Q12622026,표창원
Q12610540,윤후덕
Q24856315,박정
Q24000531,송석준
Q12589137,김학용
Q6408593,김두관
Q18815848,홍철호
Q16090214,서청원
Q16091044,이원욱
Q24000551,권칠승
Q24000553,소병훈
Q24000550,임종성
Q16091644,정성호
Q12588053,김영우
Q12615620,정병국
Q16219508,김진태
Q16080166,김기선
Q24000579,송기헌
Q16080109,권성동
Q24856352,이철규
Q16178217,염동열
Q24000485,이양수
Q12625864,황영철
Q12615868,정우택
Q12608054,오제세
Q12593087,도종환
Q12598204,변재일
Q12612642,이종배
Q24000578,권석창
Q55733555,이후삼
Q16180737,박덕흠
Q16080052,경대수
Q16079903,박찬우
Q55733110,이규희
Q16175169,박완주
Q16079924,양승조
Q55732943,윤일규
Q12616038,정진석
Q16181031,김태흠
Q12611365,이명수
Q24000592,강훈식
Q24000580,성일종
Q24856345,김종민
Q24000560,어기구
Q16179475,홍문표
Q24856344,김광수
Q12615874,정운천
Q491437,정동영
Q16079862,김관영
Q12612934,이춘석
Q12616687,조배숙
Q16090431,유성엽
Q24856343,이용호
Q24856366,김종회
Q22974407,안호영
Q624217,박지원
Q24856354,이용주
Q12617384,주승용
Q16091091,이정현
Q24000595,손금주
Q24000558,정인화
Q17401410,이개호
Q12625912,황주홍
Q24856356,윤영일
Q12597165,박준영
Q55730831,서삼석
Q24000567,김정재
Q16081489,박명재
Q16080263,김석기
Q3540842,이철우
Q31178630,송언석
Q12586962,김광림
Q16082871,백승주
Q24000598,장석춘
Q21060452,최교일
Q24856357,이만희
Q16179214,김종태
Q12588496,김재원
Q5103931,최경환
Q16080013,강석호
Q16180185,이완영
Q2052583,박완수
Q482814,노회찬
Q28700301,여영국
Q12612708,이주영
Q24000554,윤한홍
Q12587759,김성찬
Q16081398,박대출
Q16080371,김재경
Q12611004,이군현
Q62690074,정점식
Q16175970,여상규
Q16172538,민홍철
Q16172584,김경수
Q55728334,김정호
Q12606637,엄용수
Q16181385,김한표
Q12610368,윤영석
Q24856342,서형수
Q12582922,강석진
Q10855142,강창일
Q24000511,오영훈
Q24000515,위성곤
Q24000620,박경미
Q24000618,문미옥
Q12616088,정춘숙
Q16080415,김종인
Q12612920,이철희
Q30093075,심기준
Q24000760,송옥주
Q16091815,제윤경
Q22974711,이수혁
Q24000763,최운열
Q12587723,김성수
Q12615902,정은혜
Q16181809,이재정
Q24000761,권미혁
Q85414433,허윤정
Q24000602,김현권
Q16079938,이용득
Q24000601,송희경
Q24856340,신보라
Q24000702,윤종필
Q24856266,이종명
Q24856410,김성태
Q484698,조훈현
Q24000599,임이자
Q24000769,전희경
Q24000774,김순례
Q24000603,문진국
Q12588667,김종석
Q24000767,강효상
Q14444444,최연혜
Q24856412,김승희
Q24856411,김현아
Q24856405,김규환
Q24000770,유민봉
Q24000765,신용현
Q24000566,김수민
Q24000766,최도자
Q24856148,오세정
Q24856359,이태규
Q57912222,임재훈
Q24856408,박주현
Q24000771,김삼화
Q6514941,이상돈
Q24000772,김중로
Q12596735,박선숙
Q24000773,장정숙
Q24000768,채이배
Q24856389,이동섭
Q24856317,이정미
Q16080404,김종대
Q24000776,추혜선
Q24000775,윤소하
