item,itemLabel,party,partyLabel,area,areaLabel,startDate,endDate,gender,sourceDate,source,psid
Q10855142,강창일,Q15978686,더불어민주당,Q31178892,제주시 갑,2016-05-30,2020-05-29,male,,,Q10855142-FCB3F230-352D-4C79-8674-230E02736BDD
Q10855898,김진표,,,Q50504174,수원시 무,2016-05-30,2020-05-29,male,,,Q10855898-1618A9B2-9A5A-4108-B010-90DFE50A7903
Q11255427,심상정,Q487520,정의당,Q50242265,고양시 갑,2016-05-30,2020-05-29,female,,,Q11255427-15085B10-1928-48BD-BF15-27801C4AB334
Q11263813,원혜영,,,Q50500796,부천시 오정구,2016-05-30,2020-05-29,male,,,Q11263813-48a24f5f-4e95-4a8f-fc4d-eaa695181306
Q11270093,정세균,Q15978686,더불어민주당,Q31180193,종로구선거구,2016-05-30,2020-05-29,male,,,Q11270093-35F1865C-89FD-43B2-92F4-3B22E3CDC76B
Q11274387,추미애,,,Q31180243,광진구 을,2016-05-30,2020-05-29,female,,,Q11274387-1C551C20-7BB8-42D5-9E7D-7AB08AE0FDB7
Q11521597,박영선,,,Q31180213,구로구 을,2016-05-30,2020-05-29,female,,,Q11521597-D7C2E84C-6B5A-4F59-B419-41F9EADB38E9
Q11986047,박맹우,,,Q31179339,남구 을,2016-05-30,2020-05-29,male,,,Q11986047-5EA8C7B7-9ECA-4DAB-9A5D-88910A73C0ED
Q12582750,강길부,,,Q31179314,울주군,2016-05-30,2020-05-29,male,,,Q12582750-2372D848-9328-48DB-9FE0-53900D463E60
Q12582922,강석진,,,Q31179689,산청군·함양군·거창군·합천군,2016-05-30,2020-05-29,male,2022-08-01,https://ko.wikipedia.org/wiki/%EB%8C%80%ED%95%9C%EB%AF%BC%EA%B5%AD_%EC%A0%9C20%EB%8C%80_%EA%B5%AD%ED%9A%8C%EC%9D%98%EC%9B%90_%EB%AA%A9%EB%A1%9D_(%EC%A7%80%EC%97%AD%EA%B5%AC%EB%B3%84),Q12582922-8B10D3F2-7AD5-4748-9366-F6956BA2004B
Q12586127,권은희,,,Q31179431,광산구 을,2016-05-30,2020-05-29,female,,,Q12586127-8e582586-4b93-d7b0-5e69-6ebd7aaa4250
Q12586585,금태섭,,,Q31180240,강서구 갑,2016-05-30,2020-05-29,male,,,Q12586585-ED9E2D2F-59D9-4C2C-9E78-16675B6A5163
Q12586962,김광림,,,Q50501792,경상북도 안동시,2016-05-30,2020-05-29,male,2022-08-01,https://ko.wikipedia.org/wiki/%EB%8C%80%ED%95%9C%EB%AF%BC%EA%B5%AD_%EC%A0%9C20%EB%8C%80_%EA%B5%AD%ED%9A%8C%EC%9D%98%EC%9B%90_%EB%AA%A9%EB%A1%9D_(%EC%A7%80%EC%97%AD%EA%B5%AC%EB%B3%84),Q12586962-AAA867C9-6D47-4FC9-9120-343F6621A5B1
Q12587395,김민기,,,Q50503543,용인시 을,2016-05-30,2020-05-29,male,2022-08-01,https://ko.wikipedia.org/wiki/%EB%8C%80%ED%95%9C%EB%AF%BC%EA%B5%AD_%EC%A0%9C20%EB%8C%80_%EA%B5%AD%ED%9A%8C%EC%9D%98%EC%9B%90_%EB%AA%A9%EB%A1%9D_(%EC%A7%80%EC%97%AD%EA%B5%AC%EB%B3%84),Q12587395-b4dc24ab-42cf-6f0e-1fee-75107866776a
Q12587534,김부겸,,,Q31179587,수성구 갑,2016-05-30,2020-05-29,male,,,Q12587534-c2d3ac2a-43c8-f3f2-6b16-5cf85b015f52
Q12587629,김상희,,,Q50503285,부천시 소사구,2016-05-30,2020-05-29,female,,,Q12587629-e97796bc-494d-e36e-da22-e05cfaae08b3
Q12587661,김선동,,,Q31180310,도봉구 을,2016-05-30,2020-05-29,male,2022-08-01,https://ko.wikipedia.org/wiki/%EB%8C%80%ED%95%9C%EB%AF%BC%EA%B5%AD_%EC%A0%9C20%EB%8C%80_%EA%B5%AD%ED%9A%8C%EC%9D%98%EC%9B%90_%EB%AA%A9%EB%A1%9D_(%EC%A7%80%EC%97%AD%EA%B5%AC%EB%B3%84),Q12587661-42F99D1F-7116-438E-BB24-F7B5BE178593
Q12587723,김성수,,,Q50506172,비례대표 국회의원 선거구,2016-05-30,2020-01-29,male,2022-08-01,https://ko.wikipedia.org/wiki/%EB%8C%80%ED%95%9C%EB%AF%BC%EA%B5%AD_%EC%A0%9C20%EB%8C%80_%EA%B5%AD%ED%9A%8C%EC%9D%98%EC%9B%90_%EB%AA%A9%EB%A1%9D_(%EC%A7%80%EC%97%AD%EA%B5%AC%EB%B3%84),Q12587723-DE29EFC7-5FCE-4500-99A4-2B9916F88DE2
Q12587732,김성식,,,Q31180230,관악구 갑,2016-05-30,2020-05-29,male,,,Q12587732-C7DBCB53-21DA-4C77-8F6F-9149FB36EFEE
Q12587759,김성찬,,,Q31179711,창원시 진해구,2016-05-30,2020-05-30,male,2022-08-01,https://ko.wikipedia.org/wiki/%EB%8C%80%ED%95%9C%EB%AF%BC%EA%B5%AD_%EC%A0%9C20%EB%8C%80_%EA%B5%AD%ED%9A%8C%EC%9D%98%EC%9B%90_%EB%AA%A9%EB%A1%9D_(%EC%A7%80%EC%97%AD%EA%B5%AC%EB%B3%84),Q12587759-2A342AB9-0961-47E8-A3D8-DD780332E20F
Q12587766,김성태,,,Q31180258,강서구 을,2016-05-30,2020-05-29,male,,,Q12587766-88316B70-00BC-40E7-88FB-F8BAFC78FD0E
Q12587781,김성환,Q15978686,더불어민주당,Q31180280,노원구 병,2018-06-14,2020-05-29,male,2022-08-01,https://ko.wikipedia.org/wiki/%EB%8C%80%ED%95%9C%EB%AF%BC%EA%B5%AD_%EC%A0%9C20%EB%8C%80_%EA%B5%AD%ED%9A%8C%EC%9D%98%EC%9B%90_%EB%AA%A9%EB%A1%9D_(%EC%A7%80%EC%97%AD%EA%B5%AC%EB%B3%84),Q12587781-3898065b-466a-dbd3-0bea-56abdc992e1e
Q12588053,김영우,,,Q50504204,포천시·가평군,2016-05-30,2020-05-29,male,2022-08-01,https://ko.wikipedia.org/wiki/%EB%8C%80%ED%95%9C%EB%AF%BC%EA%B5%AD_%EC%A0%9C20%EB%8C%80_%EA%B5%AD%ED%9A%8C%EC%9D%98%EC%9B%90_%EB%AA%A9%EB%A1%9D_(%EC%A7%80%EC%97%AD%EA%B5%AC%EB%B3%84),Q12588053-8B3E88CA-3518-40EB-BA7E-ADE23FD01169
Q12588095,김영춘,,,Q31179799,부산진구 갑,2016-05-30,2020-05-29,male,,,Q12588095-058A0847-EDBF-4A58-BCE5-0352EF2CCE76
Q12588221,김용태,,,Q31180194,양천구 을,2016-05-30,2020-05-29,male,2022-08-01,https://ko.wikipedia.org/wiki/%EB%8C%80%ED%95%9C%EB%AF%BC%EA%B5%AD_%EC%A0%9C20%EB%8C%80_%EA%B5%AD%ED%9A%8C%EC%9D%98%EC%9B%90_%EB%AA%A9%EB%A1%9D_(%EC%A7%80%EC%97%AD%EA%B5%AC%EB%B3%84),Q12588221-43B141A1-7DB8-48CE-8020-42FAD959EB4C
Q12588496,김재원,,,Q50502452,경상북도 상주시군위군의성군청송군,2017-04-13,2020-05-29,male,2022-08-01,https://ko.wikipedia.org/wiki/%EB%8C%80%ED%95%9C%EB%AF%BC%EA%B5%AD_%EC%A0%9C20%EB%8C%80_%EA%B5%AD%ED%9A%8C%EC%9D%98%EC%9B%90_%EB%AA%A9%EB%A1%9D_(%EC%A7%80%EC%97%AD%EA%B5%AC%EB%B3%84),Q12588496-2D59F689-362C-4E8F-BC88-9A5F0D145B08
Q12588607,김정훈,,,Q31179803,남구 갑,2016-05-30,2020-05-29,male,2022-08-01,https://ko.wikipedia.org/wiki/%EB%8C%80%ED%95%9C%EB%AF%BC%EA%B5%AD_%EC%A0%9C20%EB%8C%80_%EA%B5%AD%ED%9A%8C%EC%9D%98%EC%9B%90_%EB%AA%A9%EB%A1%9D_(%EC%A7%80%EC%97%AD%EA%B5%AC%EB%B3%84),Q12588607-CA816394-9F7C-44C6-9940-B9465968C591
Q12588667,김종석,,,,,2016-05-30,2020-05-29,male,,,Q12588667-E0DCACAF-1B84-4316-8F48-B1D103C739D7
Q12588973,김철민,,,Q50504393,안산시 상록구 을,2016-05-30,2020-05-29,male,2022-08-01,https://ko.wikipedia.org/wiki/%EB%8C%80%ED%95%9C%EB%AF%BC%EA%B5%AD_%EC%A0%9C20%EB%8C%80_%EA%B5%AD%ED%9A%8C%EC%9D%98%EC%9B%90_%EB%AA%A9%EB%A1%9D_(%EC%A7%80%EC%97%AD%EA%B5%AC%EB%B3%84),Q12588973-C0A7DDC9-C250-46F5-B64E-ADF8BBDC68BE
Q12589137,김학용,,,Q50499256,안성시,2016-05-30,2020-05-29,male,,,Q12589137-8FC52F35-41DA-44DA-9FE3-8A0A699E6003
Q12590416,노웅래,,,Q31180276,마포구 갑,2016-05-30,2020-05-29,male,,,Q12590416-0B26D51C-E6FF-432A-B808-9F987A066066
Q12593087,도종환,,,Q50498937,충청북도 청주시흥덕구,2016-05-30,2020-05-29,male,,,Q12593087-c13b9b6e-4812-60b3-5101-f666c1e579fa
Q12595907,문희상,,,Q50500244,의정부시 갑,2016-05-30,2020-05-29,male,,,Q12595907-823C7F66-E33A-4A0C-8BAE-3F4A077C6E24
Q12596213,민병두,,,Q31180275,동대문구 을,2016-05-30,2020-05-29,male,,,Q12596213-A44EE201-0FFF-4ADA-A3F2-19E08A73A723
Q12596512,박광온,,,Q50502057,수원시 정,2016-05-30,2020-05-29,male,,,Q12596512-74F61AFF-2A14-4FD6-B371-428CCCD67DB9
Q12596659,박범계,,,Q31179394,서구 을,2016-05-30,2020-05-29,male,,,Q12596659-58c7a009-4da2-5993-f338-c5e1199db275
Q12596735,박선숙,,,Q50506172,비례대표 국회의원 선거구,2016-05-30,2020-05-29,female,,,Q12596735-82C1A73A-566E-404C-9A9D-0E500BB3D315
Q12597014,박인숙,,,Q31180200,송파구 갑,2016-05-30,2020-05-29,female,2022-08-01,https://ko.wikipedia.org/wiki/%EB%8C%80%ED%95%9C%EB%AF%BC%EA%B5%AD_%EC%A0%9C20%EB%8C%80_%EA%B5%AD%ED%9A%8C%EC%9D%98%EC%9B%90_%EB%AA%A9%EB%A1%9D_(%EC%A7%80%EC%97%AD%EA%B5%AC%EB%B3%84),Q12597014-0653E7C6-77FF-423B-A558-86772E393D5C
Q12597136,박주선,,,Q31179418,동구·남구 을,2016-05-30,2020-05-29,male,,,Q12597136-F50B9CD1-A076-45ED-A442-CE10B6BF84FB
Q12597165,박준영,,,Q50501112,전라남도 영암군무안군신안군,2016-05-30,2018-02-08,male,2022-08-01,https://ko.wikipedia.org/wiki/%EB%8C%80%ED%95%9C%EB%AF%BC%EA%B5%AD_%EC%A0%9C20%EB%8C%80_%EA%B5%AD%ED%9A%8C%EC%9D%98%EC%9B%90_%EB%AA%A9%EB%A1%9D_(%EC%A7%80%EC%97%AD%EA%B5%AC%EB%B3%84),Q12597165-5295491B-5FDA-4ABC-9E3E-14950CC5780C
Q12597619,배덕광,,,Q31179726,해운대구 을,2016-05-30,2018-01-29,male,,,Q12597619-055C3C45-8B59-4B19-98B2-B90F34E24D90
Q12597908,백재현,,,Q50500085,광명시 갑,2016-05-30,2020-05-29,male,,,Q12597908-669e597e-4dce-43f5-0d86-a95d94dff4c2
Q12598204,변재일,,,Q50499782,충청북도 청주시 청원구,2016-05-30,2020-05-29,male,,,Q12598204-bbb49c64-4f34-c228-39ca-73a95a3c6cd8
Q12601044,서영교,,,Q31180272,중랑구 갑,2016-05-30,2020-05-29,female,,,Q12601044-16656932-1692-42C1-AD0D-F0844AC73F9F
Q12601823,설훈,,,Q50501503,부천시 원미구 을,2016-05-30,2020-05-29,male,,,Q12601823-614b5f4b-44ae-1828-f062-7d7deae406c9
Q12604323,신상진,,,Q50501917,성남시 중원구,2016-05-30,2020-05-29,male,,,Q12604323-27136597-4e1f-bd5d-3658-beea9aa8edfa
Q12604911,심재권,,,Q31180201,강동구 을,2016-05-30,2020-05-29,male,,,Q12604911-BA6608F5-A081-495E-80C8-155C2D917D53
Q12606637,엄용수,,,Q31179685,밀양시·의령군·함안군·창녕군,2016-05-30,2019-11-15,male,2022-08-01,https://ko.wikipedia.org/wiki/%EB%8C%80%ED%95%9C%EB%AF%BC%EA%B5%AD_%EC%A0%9C20%EB%8C%80_%EA%B5%AD%ED%9A%8C%EC%9D%98%EC%9B%90_%EB%AA%A9%EB%A1%9D_(%EC%A7%80%EC%97%AD%EA%B5%AC%EB%B3%84),Q12606637-B2F2BADB-F5F8-443A-AE93-C8F3C567F944
Q12608054,오제세,,,Q50502405,충청북도 청주시서원구,2016-05-30,2020-05-29,male,,,Q12608054-a5fe1634-43be-9db3-79c4-124ae0e43f22
Q12609323,원유철,,,Q50501196,평택시 갑,2016-05-30,2020-05-29,male,,,Q12609323-158B39E9-9A83-41DE-B300-93E7B1C32AA4
Q12609690,유기준,,,Q31179796,서구·동구,2016-05-30,2020-05-29,male,,,Q12609690-B7D3F1A8-8105-447F-8FF8-3E7D08BA03BB
Q12609867,유승민,,,Q31179578,동구 을,2016-05-30,2020-05-29,male,,,Q12609867-3526489D-10D1-4FFF-88A0-DDC3EA423615
Q12609873,유승희,,,Q31180342,성북구 갑,2016-05-30,2020-05-29,female,,,Q12609873-35144EE7-5AB3-4FB2-B1B7-C1C31294EEAA
Q12610280,윤상직,,,Q31179742,기장군,2016-05-30,2020-05-29,male,,,Q12610280-6E770D15-3150-46EA-85A9-45986640A5B6
Q12610368,윤영석,,,Q31179701,양산시 갑,2016-05-30,2020-05-29,male,,,Q12610368-7d4a0856-47a5-108b-7d13-8d6b7e5856e5
Q12610412,윤재옥,,,Q31179589,달서구 을,2016-05-30,2020-05-29,male,,,Q12610412-95fd99d2-484e-d0c3-ff16-9e950af9420b
Q12610532,윤호중,,,Q50609569,구리시,2016-05-30,2020-05-29,male,,,Q12610532-8c6df586-4c51-ef4c-0c1d-2bff697676fa
Q12610540,윤후덕,,,Q50502426,파주시 갑,2016-05-30,2020-05-29,male,,,Q12610540-37b9a3bc-4c54-2e2c-33a8-98a656914965
Q12611004,이군현,,,Q31179699,통영시·고성군,2016-05-30,2018-12-27,male,,,Q12611004-FC3091C6-EECB-437A-8EA1-25E45E4CFF85
Q12611365,이명수,,,Q50504061,아산시 갑,2016-05-30,2020-05-29,male,2022-08-01,https://ko.wikipedia.org/wiki/%EB%8C%80%ED%95%9C%EB%AF%BC%EA%B5%AD_%EC%A0%9C20%EB%8C%80_%EA%B5%AD%ED%9A%8C%EC%9D%98%EC%9B%90_%EB%AA%A9%EB%A1%9D_(%EC%A7%80%EC%97%AD%EA%B5%AC%EB%B3%84),Q12611365-b857bbf3-4acf-42b0-4bc9-efd4b5ff0553
Q12611638,이상민,,,Q31179330,유성구 을,2016-05-30,2020-05-29,male,,,Q12611638-e4482924-44bc-7df9-903e-882c9a1e2c10
Q12611720,이석현,,,Q50500129,안양시 동안구 갑,2016-05-30,2020-05-29,male,,,Q12611720-681deedb-4464-0c52-c68c-39e689b303a1
Q12612008,이언주,,,Q50499399,광명시 을,2016-05-30,2020-05-29,female,,,Q12612008-455AF36A-B398-4036-8672-1E6F66F614D5
Q12612211,이우현,,,Q50503634,용인시 갑,2016-05-30,2019-05-30,male,2022-08-01,https://ko.wikipedia.org/wiki/%EB%8C%80%ED%95%9C%EB%AF%BC%EA%B5%AD_%EC%A0%9C20%EB%8C%80_%EA%B5%AD%ED%9A%8C%EC%9D%98%EC%9B%90_%EB%AA%A9%EB%A1%9D_(%EC%A7%80%EC%97%AD%EA%B5%AC%EB%B3%84),Q12612211-2E3E1331-665E-49FC-A2C5-79875473B8A4
Q12612338,이은재,,,Q31180373,강남구 병,2016-05-30,2020-05-29,female,,,Q12612338-DFEDEFEB-CB06-46B1-9C00-E2D8421738CB
Q12612437,이장우,,,Q31179349,동구,2016-05-30,2020-05-29,male,2022-08-01,https://ko.wikipedia.org/wiki/%EB%8C%80%ED%95%9C%EB%AF%BC%EA%B5%AD_%EC%A0%9C20%EB%8C%80_%EA%B5%AD%ED%9A%8C%EC%9D%98%EC%9B%90_%EB%AA%A9%EB%A1%9D_(%EC%A7%80%EC%97%AD%EA%B5%AC%EB%B3%84),Q12612437-8cf8ffa6-42a6-d6b9-13a1-f53ba64fdf11
Q12612629,이종구,,,Q31180250,강남구 갑,2016-05-30,2020-05-29,male,,,Q12612629-C251DF64-98AA-4114-847B-FF5077212419
Q12612642,이종배,,,Q50504406,충청북도 충주시,2016-05-30,2020-05-29,male,,,Q12612642-b5c8b4d8-40c6-845f-c5d6-cec83b88dc18
Q12612708,이주영,,,Q31179691,창원시 마산합포구,2016-05-30,2020-05-29,male,2022-08-01,https://ko.wikipedia.org/wiki/%EB%8C%80%ED%95%9C%EB%AF%BC%EA%B5%AD_%EC%A0%9C20%EB%8C%80_%EA%B5%AD%ED%9A%8C%EC%9D%98%EC%9B%90_%EB%AA%A9%EB%A1%9D_(%EC%A7%80%EC%97%AD%EA%B5%AC%EB%B3%84),Q12612708-F6A07B9D-9627-4FCE-A0CA-6C1868D7D85F
Q12612887,이채익,,,Q31179331,남구 갑,2016-05-30,2020-05-29,male,,,Q12612887-7f4fd95a-4c6e-3602-ba6e-5163bc9a953b
Q12612920,이철희,,,,,2016-05-30,2020-05-29,male,2022-08-01,https://ko.wikipedia.org/wiki/%EB%8C%80%ED%95%9C%EB%AF%BC%EA%B5%AD_%EC%A0%9C20%EB%8C%80_%EA%B5%AD%ED%9A%8C%EC%9D%98%EC%9B%90_%EB%AA%A9%EB%A1%9D_(%EC%A7%80%EC%97%AD%EA%B5%AC%EB%B3%84),Q12612920-14a25cca-49c3-98f7-0170-610d4894efe4
Q12612934,이춘석,,,Q50499707,익산시 갑,2016-05-30,2020-05-29,male,,,Q12612934-467683B7-C4D5-4A2A-BFBB-FA2CA92AA0E1
Q12613110,이헌승,,,Q31179776,부산진구 을,2016-05-30,2020-05-29,male,,,Q12613110-7435bed7-4e10-986d-61ae-80e8a6829659
Q12613145,이현재,,,Q50609637,하남시,2016-05-30,2020-05-29,male,2022-08-01,https://ko.wikipedia.org/wiki/%EB%8C%80%ED%95%9C%EB%AF%BC%EA%B5%AD_%EC%A0%9C20%EB%8C%80_%EA%B5%AD%ED%9A%8C%EC%9D%98%EC%9B%90_%EB%AA%A9%EB%A1%9D_(%EC%A7%80%EC%97%AD%EA%B5%AC%EB%B3%84),Q12613145-D4A02557-ECDB-4F87-923E-C08431A60978
Q12614683,장제원,,,Q31179743,사상구,2016-05-30,2020-05-29,male,,,Q12614683-f7f74883-4b86-a694-c191-e334acf4bd5c
Q12615269,전재수,,,Q31179722,북구·강서구 갑,2016-05-30,2020-05-29,male,,,Q12615269-2dc3ecb7-426f-5b66-df1a-fc84f154bcca
Q12615381,전현희,,,Q31180239,강남구 을,2016-05-30,2020-05-29,female,,,Q12615381-142FFA29-3B48-4D4A-A97F-D98872DB878A
Q12615445,정갑윤,,,Q31179309,중구,2016-05-30,2020-05-29,male,,,Q12615445-5d8154aa-4a86-2e2b-ec63-9474d14580e2
Q12615620,정병국,,,Q50499189,여주시·양평군,2016-05-30,2020-05-29,male,,,Q12615620-0D34E5C1-B7C8-4503-B0DC-4B925ED40BBF
Q12615823,정양석,,,Q31180333,강북구 갑,2016-05-30,2020-05-29,male,,,Q12615823-B79E3A85-8C56-45FC-B965-F52F8C44E177
Q12615854,정용기,,,Q31179329,대덕구,2016-05-30,2020-05-29,male,2022-08-01,https://ko.wikipedia.org/wiki/%EB%8C%80%ED%95%9C%EB%AF%BC%EA%B5%AD_%EC%A0%9C20%EB%8C%80_%EA%B5%AD%ED%9A%8C%EC%9D%98%EC%9B%90_%EB%AA%A9%EB%A1%9D_(%EC%A7%80%EC%97%AD%EA%B5%AC%EB%B3%84),Q12615854-C2A88FBE-9215-4154-AFD5-93E773CA9358
Q12615868,정우택,,,Q50401,상당구,2016-05-30,2020-05-29,male,,,Q12615868-e9f8a224-48a3-b393-ecbd-ec00530df313
Q12615874,정운천,,,Q50500618,전주시 을,2016-05-30,2020-05-29,male,,,Q12615874-61A7C366-F779-4E15-9484-B2B18C03B4DE
Q12615902,정은혜,,,Q50506172,비례대표 국회의원 선거구,2019-10-11,2020-05-29,female,2022-08-01,https://ko.wikipedia.org/wiki/%EB%8C%80%ED%95%9C%EB%AF%BC%EA%B5%AD_%EC%A0%9C20%EB%8C%80_%EA%B5%AD%ED%9A%8C%EC%9D%98%EC%9B%90_%EB%AA%A9%EB%A1%9D_(%EC%A7%80%EC%97%AD%EA%B5%AC%EB%B3%84),Q12615902-264a7e99-4331-2343-f185-a7ce327b34fc
Q12616038,정진석,,,Q50501135,충청남도 공주시부여군청양군,2016-05-30,2020-05-29,male,2022-08-01,https://ko.wikipedia.org/wiki/%EB%8C%80%ED%95%9C%EB%AF%BC%EA%B5%AD_%EC%A0%9C20%EB%8C%80_%EA%B5%AD%ED%9A%8C%EC%9D%98%EC%9B%90_%EB%AA%A9%EB%A1%9D_(%EC%A7%80%EC%97%AD%EA%B5%AC%EB%B3%84),Q12616038-49d42746-4feb-b3f0-b371-a35270fb7bfd
Q12616088,정춘숙,,,Q50506172,비례대표 국회의원 선거구,2016-05-30,2020-05-29,female,,,Q12616088-7F3F9EF9-213E-4C79-BCE6-BAAA60449535
Q12616567,조경태,,,Q31179725,사하구 을,2016-05-30,2020-05-29,male,,,Q12616567-57646ee6-4f10-1303-0831-824aaaadc944
Q12616687,조배숙,,,Q50499486,익산시 을,2016-05-30,2020-05-29,female,,,Q12616687-C2EF4BF5-607B-4365-9545-001D489D0E9E
Q12616968,조원진,,,Q31179618,달서구 병,2016-05-30,2020-05-29,male,,,Q12616968-FCDA7D34-14C6-4285-A637-3D3C42F052D8
Q12617041,조정식,,,Q50503439,시흥시 을,2016-05-30,2020-05-29,male,,,Q12617041-e4abe902-4def-e901-36c1-60750baff3a3
Q12617313,주광덕,,,Q50503071,남양주시 병,2016-05-30,2020-05-29,male,,,Q12617313-02F25713-C9EA-4BD3-A331-0896AD9CEA78
Q12617384,주승용,,,Q50502693,전라남도 여수시을,2016-05-30,2020-05-29,male,,,Q12617384-8080b3ce-44ec-dc16-d471-86ca3c8d465b
Q12617992,지상욱,,,Q31180356,중구·성동구 을,2016-05-30,2020-05-29,male,,,Q12617992-1cb640c5-4038-e895-4d8e-7303275b34ad
Q12618257,진선미,,,Q31180202,강동구 갑,2016-05-30,2020-05-29,female,,,Q12618257-284858A3-8098-42B0-92FA-3ED4C38C9BDB
Q12618296,진영,,,Q31180236,용산구,2016-05-30,2020-05-29,male,,,Q12618296-76F30859-996A-4951-9110-A8FFE0F060C3
Q12618957,천정배,,,Q31179436,서구 을,2016-05-30,2020-05-29,male,,,Q12618957-21ACDCD7-2395-4432-B5D4-EBF7E4F45C1F
Q12619978,추경호,,,Q31179594,달성군,2016-05-30,2020-05-29,male,,,Q12619978-FF97EDF1-7F2A-4867-BE07-FAA3E707B943
Q12622026,표창원,,,Q50504372,용인시 정,2016-05-30,2020-05-29,male,,,Q12622026-AC3B3FE2-87B4-4386-9D41-A56F4DC6165C
Q12622556,하태경,,,Q31179721,해운대구 갑,2016-05-30,2020-05-29,male,,,Q12622556-d87473b6-4238-60fb-eb31-0f64a5592c64
Q12624094,한선교,,,Q50502084,용인시 병,2016-05-30,2020-05-29,male,,,Q12624094-FE0B6EFB-E02A-42AD-8F7B-9D4DFE868B0B
Q12624300,한정애,,,Q31180254,강서구 병,2016-05-30,2020-05-29,female,,,Q12624300-3DC315CE-CC75-4ED6-BDB8-72589AD12575
Q12625372,홍문종,,,Q50500695,의정부시 을,2016-05-30,2020-05-29,male,2022-08-01,https://ko.wikipedia.org/wiki/%EB%8C%80%ED%95%9C%EB%AF%BC%EA%B5%AD_%EC%A0%9C20%EB%8C%80_%EA%B5%AD%ED%9A%8C%EC%9D%98%EC%9B%90_%EB%AA%A9%EB%A1%9D_(%EC%A7%80%EC%97%AD%EA%B5%AC%EB%B3%84),Q12625372-222fc92b-4928-58cd-6e1e-4e59b0d6302d
Q12625446,홍영표,,,Q31179622,부평구 을,2016-05-30,2020-05-29,male,,,Q12625446-e641d00e-40c3-e511-57ce-98945e393f9e
Q12625469,홍익표,,,Q31180365,중구·성동구 갑,2016-05-30,2020-05-29,male,,,Q12625469-6AA51FE3-9591-4F30-9CCB-3F4E07C2A0B6
Q12625477,홍일표,,,Q31179648,미추홀구 갑,2016-05-30,2020-05-29,male,,,Q12625477-7D188E1E-F1A7-489A-85E1-7EE936E44E86
Q12625864,황영철,,,Q50503392,강원도 홍천군철원군화천군양구군인제군,2016-05-30,2019-10-31,male,,,Q12625864-4A629E55-7C8A-44A7-829E-833024297C44
Q12625912,황주홍,,,Q50500461,전라남도 고흥군보성군장흥군강진군,2016-05-30,2020-05-29,male,,,Q12625912-8C4D068C-0908-4C32-8E06-372D3432D299
Q14444444,최연혜,,,,,2016-05-30,2020-05-29,female,,,Q14444444-FB5EE5F7-C3AD-46E4-828F-A067178BD038
Q16079799,안민석,,,Q50499507,오산시,2016-05-30,2020-05-29,male,,,Q16079799-bb9b4f74-45fc-ebc4-4550-29b63b6dba70
Q16079857,곽상도,,,Q31179716,중구·남구,2016-05-30,2020-05-29,male,,,Q16079857-9d43fa27-461b-940b-8ce9-4fba6c4af38f
Q16079861,김경협,,,Q50500194,부천시 원미구 갑,2016-05-30,2020-05-29,male,,,Q16079861-d8dffade-4f86-b4c3-9981-2d744f9a1f50
Q16079862,김관영,,,Q50502354,전라북도 군산시,2016-05-30,2020-05-29,male,,,Q16079862-FC2B10D5-8023-466F-8399-2C9C7E12F49D
Q16079899,박병석,,,Q31179430,서구 갑,2016-05-30,2020-05-29,male,,,Q16079899-18841423-4f4d-f2bf-a5d5-0a20d502b20a
Q16079903,박찬우,,,Q50499163,천안시 갑,2016-05-30,2018-02-13,male,,,Q16079903-48B08788-5BBB-417C-80E1-36718A13A294
Q16079924,양승조,,,Q50499854,천안시 병,2016-05-30,2018-05-14,male,,,Q16079924-EBC74F9F-28E3-43EC-93A9-EFC8730CC97B
Q16079929,유은혜,,,Q50502759,고양시 병,2016-05-30,2020-05-29,female,,,Q16079929-1593F8B6-FA9E-4075-B38D-5540E28856E7
Q16079938,이용득,,,,,2016-05-30,2020-05-29,male,,,Q16079938-9E7624BE-6714-4EC4-B2F2-75833244DDA7
Q16079943,이종걸,,,Q50500753,안양시 만안구,2016-05-30,2020-05-29,male,,,Q16079943-fa56d9ce-440a-ff5f-e89b-70f468d61d10
Q16080013,강석호,,,Q50499910,경상북도 영양군영덕군봉화군울진군,2016-05-30,2020-05-29,male,,,Q16080013-98F6E6D3-387B-4E67-880B-F4312A9CE402
Q16080052,경대수,,,Q50500333,충청북도 증평군진천군음성군,2016-05-30,2020-05-29,male,,,Q16080052-30d62a13-4165-2019-c169-8fff9d512789
Q16080079,곽대훈,,,Q31179591,달서구 갑,2016-05-30,2020-05-29,male,,,Q16080079-A9E2F221-1CC9-4143-A82E-9B3FA59F40B3
Q16080109,권성동,,,Q50499112,강원도 강릉시,2016-05-30,2020-05-29,male,,,Q16080109-3d61ee4f-41ac-5f41-5c81-7c6cc9d463eb
Q16080166,김기선,,,Q50500286,원주시 갑,2016-05-30,2020-05-29,male,,,Q16080166-CD809F3E-1F3C-499E-9C35-7923C32613E1
Q16080185,김도읍,,,Q31179784,북구·강서구 을,2016-05-30,2020-05-29,male,,,Q16080185-4723c88c-43b4-2e1d-1e9c-0ff667933a1e
Q16080202,김동철,,,Q31179435,광산구 갑,2016-05-30,2020-05-29,male,,,Q16080202-359F31E1-A1C0-4CEF-B018-804DFA263D5F
Q16080213,김명연,,,Q50500012,안산시 단원구 갑,2016-05-30,2020-05-29,male,,,Q16080213-A9002963-F23A-4D68-A3C6-7C6E48A98448
Q16080217,김무성,,,Q31179744,중구·영도구,2016-05-30,2020-05-29,male,,,Q16080217-BEA78810-956B-48CF-8696-20EF7476BA5D
Q16080258,김상훈,,,Q31179577,서구,2016-05-30,2020-05-29,male,,,Q16080258-672942f6-4036-f8dc-e59c-b68fe01f710a
Q16080263,김석기,,,Q31179120,경주시,2016-05-30,2020-05-29,male,,,Q16080263-821C7812-71FE-4F38-B5ED-BE8AEE3FDA52
Q16080285,김세연,Q20916,자유한국당,Q31179733,금정구,2016-05-30,2020-05-29,male,,,Q16080285-38BA3B74-87F3-46E3-B12C-F8E82D841821
Q16080318,김영주,,,Q31180215,영등포구 갑,2016-05-30,2020-05-29,female,,,Q16080318-C58E7C0B-FCCE-4A9A-A7ED-262FEA419078
Q16080371,김재경,,,Q31179680,진주시 을,2016-05-30,2020-05-29,male,,,Q16080371-2DDA3448-1143-4021-A5C2-5CD756D2D58D
Q16080404,김종대,,,,,2016-05-30,2020-05-29,male,,,Q16080404-C44212D8-C2FB-460C-96A5-8B70B1C96922
Q16080415,김종인,,,Q50506172,비례대표 국회의원 선거구,2016-05-30,2017-03-08,male,,,Q16080415-B5302AFB-A248-434F-BFD8-EC68447C32CC
Q16080572,김태년,,,Q50502834,성남시 수정구,2016-05-30,2020-05-29,male,,,Q16080572-6ec1c57a-4529-336c-f6ca-3d8a135bfc84
Q16080678,김현미,,,Q50503763,고양시 정,2016-05-30,2020-05-29,female,,,Q16080678-C42522EF-EB02-4A33-9B1E-95B480FDDCEC
Q16081369,박남춘,,,Q31179678,남동구 갑,2016-05-30,2018-05-14,male,,,Q16081369-5D089942-BF1C-45E5-A0B0-562847260B4E
Q16081398,박대출,,,Q31179682,진주시 갑,2016-05-30,2020-05-29,male,,,Q16081398-013f483f-4acf-9d68-ee30-8077669c8cb6
Q16081489,박명재,,,Q31179305,포항시 남구·울릉군,2016-05-30,2020-05-29,male,,,Q16081489-0C39B2A1-9036-4ACD-80C2-E67A09AED4B3
Q16081799,박순자,,,Q50499960,안산시 단원구 을,2016-05-30,2020-05-29,female,,,Q16081799-CAE40BE6-C20A-4E1D-AD29-F6BC40894961
Q16082227,박주민,Q15978686,더불어민주당,Q31180285,은평구 갑,2016-05-30,2020-05-29,male,,,Q16082227-1044F7D5-541F-4306-A92A-C15510F1C451
Q16082619,박홍근,,,Q31180354,중랑구 을,2016-05-30,2020-05-29,male,,,Q16082619-18EAFF58-1A32-448B-A73B-AC6AC7DC81BE
Q16082871,백승주,,,Q50503791,경상북도 구미시갑,2016-05-30,2020-05-29,male,,,Q16082871-5EA676A9-368F-4B2E-BD42-1C44E8AD4B4A
Q16084079,신경민,,,Q31180222,영등포구 을,2016-05-30,2020-05-29,male,,,Q16084079-00063927-36AE-42B2-BF6B-9E9785A853EB
Q16090214,서청원,,,Q50502538,화성시 갑,2016-05-30,2020-05-29,male,,,Q16090214-F4A6D2F7-6764-44A3-825A-97C640B19DC7
Q16090384,우상호,Q15978686,더불어민주당,Q31180290,서대문구 갑,2016-05-30,2020-05-29,male,,,Q16090384-F33AEFD1-B433-49E9-B4F0-7CDEC75B2CBE
Q16090388,우원식,Q15978686,더불어민주당,Q31180265,노원구 을,2016-05-30,2020-05-29,male,,,Q16090388-D3A2BEBA-4A37-4411-9214-E92A4413ADEC
Q16090431,유성엽,,,Q50503717,전라북도 정읍시고창군,2016-05-30,2020-05-29,male,,,Q16090431-3E0DC230-BB8E-4C90-AF7A-604FAC86E3B5
Q16090618,윤관석,,,Q31179667,남동구 을,2016-05-30,2020-05-29,male,,,Q16090618-fbd99aa6-44d3-779c-77bf-d07841c7893d
Q16090633,윤상현,,,Q31179652,미추홀구 을,2016-05-30,2020-05-29,male,,,Q16090633-7d2d8abc-4229-c20a-be50-fb1aa4f8b359
Q16091044,이원욱,,,Q50503150,화성시 을,2016-05-30,2020-05-29,male,,,Q16091044-e41aa730-4534-51b3-caea-aa255bca3f06
Q16091058,이인영,,,Q31180252,구로구 갑,2016-05-30,2020-05-29,male,,,Q16091058-B151273E-6E9F-487A-956B-0738BD039824
Q16091091,이정현,,,Q50501557,전라남도 순천시,2016-05-30,2020-05-29,male,,,Q16091091-FA611CB8-EBA5-433B-988C-3A4804A94540
Q16091168,이진복,,,Q31179737,동래구,2016-05-30,2020-05-29,male,,,Q16091168-F94D25B7-647C-4035-BE12-AF85CAC1F0B9
Q16091179,이찬열,,,Q50503412,수원시 갑,2016-05-30,2020-05-29,male,,,Q16091179-8B15AC07-3454-4E36-ACCC-DE7DBAEF346A
Q16091259,이학영,,,Q50501757,경기도 군포시을,2016-05-30,2020-05-29,male,,,Q16091259-2136f221-48fb-75e0-f927-82d5ed8ee61b
Q16091262,이학재,,,Q31179641,서구 갑,2016-05-30,2020-05-29,male,,,Q16091262-C1112B84-1A47-4D0E-BC5E-42DA4412E361
Q16091294,이혜훈,,,Q31180220,서초구 갑,2016-05-30,2020-05-29,female,,,Q16091294-9787CE74-DA42-4C1A-AB13-8CB46BE6D4AB
Q16091444,장병완,,,Q31179408,동구·남구 갑,2016-05-30,2020-05-29,male,,,Q16091444-1C0D2F78-AC37-45F3-BE3B-5B8170A47CA9
Q16091570,전해철,,,Q50503342,안산시 상록구 갑,2016-05-30,2020-05-29,male,,,Q16091570-76685f12-48e7-9d9c-cf6c-311eb150d887
Q16091644,정성호,,,Q50501680,양주시,2016-05-30,2020-05-29,male,,,Q16091644-c4e4ab78-481a-6cb3-cf03-9f5fb2922a2a
Q16091728,정종섭,,,Q31179579,동구 갑,2016-05-30,2020-05-29,male,,,Q16091728-078CC7C2-F913-4F71-8EBE-EFB8D15A3428
Q16091815,제윤경,,,,,2016-05-30,2020-05-29,female,,,Q16091815-66F4BF94-A71F-4819-983B-F3747F4B2E2D
Q16091999,주호영,,,Q31179572,수성구 을,2016-05-30,2020-05-29,male,,,Q16091999-ce068408-4838-e76a-6afc-743e333f6072
Q16092210,최재성,,,Q31180205,송파구 을,2018-06-14,2020-05-29,male,,,Q16092210-A66CEF76-717A-4E0D-B036-6342F233E826
Q16092474,함진규,,,Q50501046,시흥시 갑,2016-05-30,2020-05-29,male,,,Q16092474-08DCD37A-4E96-4342-9B6B-26A19A792971
Q16092650,홍의락,,,Q31179626,북구 을,2016-05-30,2020-05-29,male,,,Q16092650-193AF20A-14B3-45AF-8CD8-87E3CAF3B566
Q16093562,김한정,,,Q50503491,남양주시 을,2016-05-30,2020-05-29,male,,,Q16093562-98077680-ECB4-4031-B042-A0AC5071B30D
Q16168735,안규백,,,Q31180279,동대문구 갑,2016-05-30,2020-05-29,male,,,Q16168735-21665E27-6AC1-4284-AC50-81DE310903CF
Q16170128,유재중,,,Q31179738,수영구,2016-05-30,2020-05-29,male,,,Q16170128-71369B06-566C-4619-9D06-7B0808C1CD1E
Q16172538,민홍철,,,Q31179705,김해시 갑,2016-05-30,2020-05-29,male,,,Q16172538-8dac2f00-42ba-bb32-2080-eacd589fd4d2
Q16172584,김경수,,,Q31179704,김해시 을,2016-05-30,2018-05-14,male,,,Q16172584-6C49FE59-6915-4E47-8897-CC9838BD44CB
Q16174531,전혜숙,,,Q31180287,광진구 갑,2016-05-30,2020-05-29,female,,,Q16174531-3C4FC172-BB59-47F1-93DC-3BAE3AD38166
Q16175169,박완주,,,Q50503518,천안시 을,2016-05-30,2020-05-29,male,,,Q16175169-f6dfc75a-4378-56e1-02f2-17b549f6d2fc
Q16175227,박용진,,,Q31180334,강북구 을,2016-05-30,2020-05-29,male,,,Q16175227-D510217C-521B-460E-BEAE-8F966C3B9768
Q16175970,여상규,Q20916,자유한국당,Q31179700,사천시·남해군·하동군,2016-05-30,2020-05-29,male,,,Q16175970-6DC9E9E1-EE7A-41E4-AC28-5983A8296057
Q16178217,염동열,,,Q50500573,강원도 태백시횡성군영월군평창군정선군,2016-05-30,2020-05-29,male,,,Q16178217-93C673F0-3FD0-47D0-9592-2EFC2D9C6B86
Q16179214,김종태,,,Q50502452,경상북도 상주시군위군의성군청송군,2016-05-30,2017-02-09,male,,,Q16179214-3DB87B70-EA26-49B4-971A-EF1999C24CB6
Q16179475,홍문표,,,Q50504438,충청남도 홍성군예산군,2016-05-30,2020-05-29,male,,,Q16179475-088403c2-41ba-d47d-7805-5abb23cfe5ad
Q16180185,이완영,,,Q50501067,경상북도 고령군성주군칠곡군,2016-05-30,2019-06-13,male,,,Q16180185-2292CD0A-EAF2-4439-A5A5-2F07D101C8D8
Q16180737,박덕흠,,,Q31178536,보은군·옥천군·영동군·괴산군,2016-05-30,2020-05-29,male,,,Q16180737-d0337f47-47e9-f65e-a158-30132f312296
Q16181031,김태흠,,,Q50502042,충청남도 보령시서천군,2016-05-30,2020-05-29,male,,,Q16181031-87a88be5-4918-16f8-0ca5-fe5afbcbd550
Q16181385,김한표,,,Q31179702,거제시,2016-05-30,2020-05-29,male,,,Q16181385-E6A644FB-446B-453A-9319-37D42494C245
Q16181809,이재정,,,Q50506172,비례대표 국회의원 선거구,2016-05-30,2020-05-29,female,,,Q16181809-eed2f489-48bd-ef99-1624-b601c576b0b1
Q16187393,남인순,,,Q31180203,송파구 병,2016-05-30,2020-05-29,female,,,Q16187393-79C5D7A5-CCAB-4014-9B13-43ACE7632E17
Q16219508,김진태,,,Q50504296,춘천시,2016-05-30,2020-05-29,male,,,Q16219508-652cbd5f-46c9-9112-4dce-234ae3139d87
Q16799644,민경욱,,,Q31179672,연수구 을,2016-05-30,2020-05-29,male,,,Q16799644-98514112-A799-4EAD-BF52-021BB0C98C29
Q17401310,백혜련,,,Q50502229,수원시 을,2016-05-30,2020-05-29,female,,,Q17401310-BD8269F9-43E3-4A65-994A-F120FE855886
Q17401410,이개호,,,Q50501629,전라남도 담양군함평군영광군장성군,2016-05-30,2020-05-29,male,,,Q17401410-1f2057d0-4832-ed7c-ef66-797f1eed7132
Q18815659,유의동,,,Q50504231,평택시 을,2016-05-30,2020-05-29,male,,,Q18815659-DE534DEB-FBAC-41C3-A48C-2D4245E7EB42
Q18815848,홍철호,,,Q50502944,김포시 을,2016-05-30,2020-05-29,male,,,Q18815848-9AC97794-22C2-4CB3-ADBE-7E1FD22562BF
Q19940257,신동근,,,Q31179649,서구 을,2016-05-30,2020-05-29,male,,,Q19940257-7F0F499F-BE26-4AFE-AE99-196DA0AD083B
Q19940527,오신환,,,Q31180223,관악구 을,2016-05-30,2020-05-29,male,,,Q19940527-A7145BD3-CBA3-46B4-AC92-1AC4C2667AC0
Q19941078,정재호,,,Q50504509,고양시 을,2016-05-30,2020-05-29,male,,,Q19941078-716888CB-B44E-4539-AAEF-725EAFFF44A9
Q2052583,박완수,,,Q31179693,창원시 의창구,2016-05-30,2020-05-29,male,,,Q2052583-8B5607DF-883B-443A-8491-1E454D2B0B0A
Q20995,안철수,,,Q31180280,노원구 병,2016-05-30,2017-04-15,male,,,Q20995-f0cc27ab-4b6f-971a-129d-494081511326
Q21058754,손혜원,,,Q31180321,마포구 을,2016-05-30,2020-05-29,female,,,Q21058754-1859DA3D-5023-46BA-ACE5-15739B8FF1E4
Q21060452,최교일,,,Q50500595,경상북도 영주시문경시예천군,2016-05-30,2020-05-29,male,,,Q21060452-95E0B902-3D78-4BC4-A17D-235B7B6F9B56
Q21575768,김경진,,,Q31179465,북구 갑,2016-05-30,2020-05-29,male,,,Q21575768-F8D5310F-6AD1-4876-9AD1-FD4E6AC4611A
Q22972717,강병원,Q15978686,더불어민주당,Q31180291,은평구 을,2016-05-30,2020-05-29,male,,,Q22972717-695A64D4-C365-4921-9863-BB4FEC4B38B8
Q22973130,김병관,,,Q50500841,성남시 분당구 갑,2016-05-30,2020-05-29,male,,,Q22973130-E456D618-0934-4797-A2E4-08A624578C32
Q22974407,안호영,,,Q50500166,전라북도 완주군진안군무주군장수군,2016-05-30,2020-05-29,male,,,Q22974407-50E66FC2-449C-49DA-9862-63A61D3DB684
Q22974711,이수혁,,,,,2017-06,2020-05-29,male,,,Q22974711-a95844ae-44b0-d855-37e0-5c81bf1aafc0
Q23894231,기동민,,,Q31180336,성북구 을,2016-05-30,2020-05-29,male,,,Q23894231-0DC794FF-8A7D-4F05-AC93-6347FFF8BD70
Q24000485,이양수,,,Q50499237,강원도 속초시고성군양양군,2016-05-30,2020-05-29,male,,,Q24000485-2268A00A-CD11-4D44-9093-529F4BF6A5DE
Q24000498,박성중,,,Q31180248,서초구 을,2016-05-30,2020-05-29,male,,,Q24000498-C317DE9C-3CFF-45E9-ACF5-859FD43AA90C
Q24000510,고용진,Q15978686,더불어민주당,Q31180261,노원구 갑,2016-05-30,2020-05-29,male,,,Q24000510-637E04D1-2584-478B-B6CB-43961B557154
Q24000511,오영훈,,,Q31178888,제주시 을,2016-05-30,2020-05-29,male,,,Q24000511-B2E4BCE2-8445-4F46-BE89-C01EA10D1638
Q24000515,위성곤,,,Q31178797,서귀포시선거구,2016-05-30,2020-05-29,male,,,Q24000515-7A58A11D-A997-48C7-A7B1-86CEFEF8A891
Q24000516,박찬대,,,Q31179673,연수구 갑,2016-05-30,2020-05-29,male,,,Q24000516-95F673C9-E811-4A30-88B6-EEA141FF00C5
Q24000517,조응천,,,Q50500923,남양주시 갑,2016-05-30,2020-05-29,male,,,Q24000517-31CBA490-8AB4-4845-A655-F3DC17E2EA8A
Q24000521,윤종오,,,Q4986788,북구,2016-05-30,2017-12-22,male,,,Q24000521-062E5E49-FCCF-4A83-ABCF-ED904DFE5EF8
Q24000528,박재호,,,Q31179809,남구 을,2016-05-30,2020-05-29,male,,,Q24000528-9c952f15-4aca-08cd-b79e-01c8fe2bab76
Q24000530,김해영,,,Q31179735,연제구,2016-05-30,2020-05-29,male,,,Q24000530-7DAAB591-3816-494F-87F8-6A9BB983530C
Q24000531,송석준,,,Q50501656,이천시,2016-05-30,2020-05-29,male,,,Q24000531-F0E2A147-2B19-47BC-9F88-1E1A15264FC2
Q24000550,임종성,,,Q50498987,광주시 을,2016-05-30,2020-05-29,male,,,Q24000550-6ED9E440-945F-4AA5-BE32-B510D47EC923
Q24000551,권칠승,,,Q50501821,화성시 병,2016-05-30,2020-05-29,male,,,Q24000551-E4CC5BAD-825F-4A98-BE1C-DB1BDC1D18AC
Q24000552,정태옥,,,Q31179625,북구 갑,2016-05-30,2020-05-29,male,,,Q24000552-F95D7915-FB5E-4707-A4F9-BA0CAB7D2621
Q24000553,소병훈,,,Q50502782,광주시 갑,2016-05-30,2020-05-29,male,,,Q24000553-93BDCF85-48D4-44BE-8F19-AEEDE1A13685
Q24000554,윤한홍,,,Q31179698,창원시 마산회원구,2016-05-30,2020-05-29,male,,,Q24000554-5705A373-ACAB-442A-8A66-654510A01765
Q24000555,정유섭,,,Q31179621,부평구 갑,2016-05-30,2020-05-29,male,,,Q24000555-7BB840AC-D1E3-4DA0-88E2-AE85E909BBDE
Q24000557,유동수,,,Q31179620,계양구 갑,2016-05-30,2020-05-29,male,,,Q24000557-323C5222-8C00-4AD4-BB72-69C9EFC53D3C
Q24000558,정인화,,,Q50503887,전라남도 광양시곡성군구례군,2016-05-30,2020-05-29,male,,,Q24000558-305B017A-A1D8-4410-9A18-A700C99BC822
Q24000559,이은권,,,Q31179336,중구,2016-05-30,2020-05-29,male,,,Q24000559-E86C0976-03D9-4FC5-A4BB-5FEA0CDD096A
Q24000560,어기구,,,Q50501028,충청남도 당진시,2016-05-30,2020-05-29,male,,,Q24000560-5CF13AE6-A3D3-4CA5-B002-9B6E643776FC
Q24000561,조승래,,,Q31179341,유성구 갑,2016-05-30,2020-05-29,male,,,Q24000561-C4850B1D-EA24-4E89-9C1A-9393E4F10217
Q24000566,김수민,,,Q50506172,비례대표 국회의원 선거구,2016-05-30,2020-03-19,female,,,Q24000566-B105CC72-98B0-4159-885D-CF7A1BCF0792
Q24000567,김정재,,,Q31179319,포항시 북구,2016-05-30,2020-05-29,female,,,Q24000567-D5904652-EFEA-4D92-86D9-15844EEBC465
Q24000578,권석창,,,Q50502178,충청북도 제천시단양군,2016-05-30,2018-05-11,male,,,Q24000578-D8A6B7AC-C251-43AF-AD72-BC377B3F53B2
Q24000579,송기헌,,,Q50502150,원주시 을,2016-05-30,2020-05-29,male,,,Q24000579-32877CFC-BBFF-4A3E-929F-843F6DB6C3E1
Q24000580,성일종,,,Q50499380,충청남도 서산시태안군,2016-05-30,2020-05-29,male,,,Q24000580-32A99E32-3DAD-46AD-A682-E7074A284AAB
Q24000592,강훈식,,,Q50504582,아산시 을,2016-05-30,2020-05-29,male,,,Q24000592-469F9A9D-40A3-42D0-9C99-24BAD7CA6975
Q24000595,손금주,,,Q50503370,전라남도 나주시화순군,2016-05-30,2020-05-29,male,,,Q24000595-EE52CA32-4836-4116-8768-CE0CF7F0AED2
Q24000598,장석춘,,,Q50500106,경상북도 구미시을,2016-05-30,2020-05-29,male,,,Q24000598-A6E2A340-5579-48BF-82AF-369B2F239BD3
Q24000599,임이자,,,Q50506172,비례대표 국회의원 선거구,2016-05-30,2020-05-29,female,,,Q24000599-D640BFD6-1EEA-41B9-B44A-BB9C151A1DD5
Q24000600,송기석,,,Q31179457,서구 갑,2016-05-30,2018-02-08,male,,,Q24000600-67931AAD-5645-4DFF-A464-8BFF60B2BC7B
Q24000601,송희경,,,,,2016-05-30,2020-05-29,female,,,Q24000601-572FE4A3-29CD-46C3-805B-590D544E8DBC
Q24000602,김현권,,,,,2016-05-30,2020-05-29,male,,,Q24000602-B4C61C15-C581-4B33-90AC-CE6853B8A180
Q24000603,문진국,,,,,2016-05-30,2020-05-29,male,,,Q24000603-BB8112CA-2761-42FD-A65E-1ADF4F75EB77
Q24000618,문미옥,,,Q50506172,비례대표 국회의원 선거구,2016-05-30,2017-06-20,female,,,Q24000618-89B86D6E-6C6D-439A-AC8D-59441878CA79
Q24000620,박경미,,,,,2016-05-30,2020-05-29,female,,,Q24000620-21268DF7-FDC8-4C43-A76B-895604D49494
Q24000702,윤종필,,,,,2016-05-30,2020-05-29,female,,,Q24000702-12F04EE3-E568-413D-9731-52F953B3F562
Q24000760,송옥주,,,Q50506172,비례대표 국회의원 선거구,2016-05-30,2020-05-29,female,,,Q24000760-D6CD9F63-CBED-4722-93F6-7BC197EFE6F8
Q24000761,권미혁,,,,,2016-05-30,2020-05-29,female,,,Q24000761-025636F4-5384-4F07-AC70-C3519BDA69D7
Q24000763,최운열,,,,,2016-05-30,2020-05-29,male,,,Q24000763-6053C796-36A1-4B35-81C6-64A35F997A02
Q24000765,신용현,,,Q50506172,비례대표 국회의원 선거구,2016-05-30,2020-05-29,female,,,Q24000765-7F9CE4BC-EBB2-4FA7-A0E6-BDF7719337AF
Q24000766,최도자,,,Q50506172,비례대표 국회의원 선거구,2016-05-30,2020-05-29,female,,,Q24000766-D8DC652A-1835-4143-B3D2-18C44B7FE328
Q24000767,강효상,,,,,2016-05-30,2020-05-29,male,,,Q24000767-1EC9AB42-BFDD-4D4C-BC32-E0DCCAA69D35
Q24000768,채이배,,,,,2016-05-30,2020-05-29,male,,,Q24000768-2C666E02-F4C5-43DA-ADC7-A46F3FE4C1E4
Q24000769,전희경,,,,,2016-05-30,2020-05-29,female,,,Q24000769-0B4217E5-8DAE-4FEC-9986-C688846621B6
Q24000770,유민봉,,,,,2016-05-30,2020-05-29,male,,,Q24000770-D96B497F-2A8B-41BA-B769-6A9E8419AB80
Q24000771,김삼화,,,Q50506172,비례대표 국회의원 선거구,2016-05-30,2020-03-19,female,,,Q24000771-12F01C3E-0E32-491D-B14E-2829C99EF1D5
Q24000772,김중로,,,Q50506172,비례대표 국회의원 선거구,2016-05-30,2020-03-19,male,,,Q24000772-F54BF51A-DACE-4CD2-8DCC-C5F59B8727BA
Q24000773,장정숙,,,Q50506172,비례대표 국회의원 선거구,2016-05-30,2020-05-29,female,,,Q24000773-06115B9E-E74A-4231-B368-A8B5566A8D0C
Q24000774,김순례,,,,,2016-05-30,2020-05-29,female,,,Q24000774-2544E239-5475-49A2-BD81-FEC11F95A865
Q24000775,윤소하,,,Q50506172,비례대표 국회의원 선거구,2016-05-30,2020-05-29,male,,,Q24000775-178CCE00-D037-4BD6-9B75-3D65DDF2196C
Q24000776,추혜선,,,,,2016-05-30,2020-05-29,female,,,Q24000776-8FBFF0EF-BB6D-42A8-B7F7-BE3A72668482
Q24856148,오세정,,,Q50506172,비례대표 국회의원 선거구,2016-05-30,2018-10-01,male,,,Q24856148-BDA97877-110B-4415-8B00-69134703F525
Q24856266,이종명,,,,,2016-05-30,2020-05-29,male,,,Q24856266-26B9FD8E-5DA1-4BB3-A10C-7739A1223819
Q24856298,최명길,,,Q31180205,송파구 을,2016-05-30,2017-12-05,male,,,Q24856298-EDCEE0E4-5ACB-457B-A09E-973FB2180C59
Q24856300,황희,,,Q31180210,양천구 갑,2016-05-30,2020-05-29,male,,,Q24856300-FC113BA7-A42C-4E2E-8323-8F6F34591323
Q24856311,김영호,Q15978686,더불어민주당,Q31180266,서대문구 을,2016-05-30,2020-05-29,male,,,Q24856311-65AFE670-CCDC-4D1F-BF59-68D571F38D5B
Q24856313,최인호,,,Q31179769,사하구 갑,2016-05-30,2020-05-29,male,,,Q24856313-97248c6a-4d48-962b-340e-619bde43c374
Q24856314,이훈,,,Q31180212,금천구,2016-05-30,2020-05-29,male,,,Q24856314-B20821E1-1726-41D8-89E2-8E2D17017294
Q24856315,박정,,,Q50503571,파주시 을,2016-05-30,2020-05-29,male,,,Q24856315-EADFF265-B7E7-4D42-A879-020FE676CE89
Q24856316,김성원,,,Q50498954,경기도 동두천시연천군,2016-05-30,2020-05-29,male,,,Q24856316-109F6C4D-D09A-4D37-A194-5B9B81582C1C
Q24856317,이정미,,,,,2016-05-30,2020-05-29,female,,,Q24856317-12c4d413-4b85-9b5b-d5d8-d12018c968e6
Q24856318,김병욱,,,Q50499807,성남시 분당구 을,2016-05-30,2020-05-29,male,,,Q24856318-6CC53FBA-D06D-4153-946E-BEDB5B393B22
Q24856319,김종훈,,,Q31179296,동구,2016-05-30,2020-05-29,male,,,Q24856319-5856BF41-B1A6-4EB7-8DD7-A1D3666868D2
Q24856324,신창현,,,Q50500990,의왕시·과천시,2016-05-30,2020-05-29,male,,,Q24856324-B483E897-FAD4-412B-8EA8-690B4CCC3226
Q24856325,김정우,,,Q50503027,경기도 군포시갑,2016-05-30,2020-05-29,male,,,Q24856325-6D4A6AB7-B80B-4081-A66C-576D301867AE
Q24856326,김영진,,,Q50502889,수원시 병,2016-05-30,2020-05-29,male,,,Q24856326-D8ABE5C0-5BE0-4815-AA4C-F49A8CA2A83A
Q24856340,신보라,,,,,2016-05-30,2020-05-29,female,,,Q24856340-5944E770-28EE-41FF-B814-6D561828268C
Q24856342,서형수,,,Q31179697,양산시 을,2016-05-30,2020-05-29,male,,,Q24856342-2CB66C52-CBD6-489F-8245-CB9EDD9E4CF8
Q24856343,이용호,,,Q50499094,전라북도 남원시임실군순창군,2016-05-30,2020-05-29,male,,,Q24856343-029B4C9D-A623-4D4C-9478-F643E809453D
Q24856344,김광수,,,Q50500149,전주시 갑,2016-05-30,2020-05-29,male,,,Q24856344-20F45175-2F3E-4B5E-9050-92532C6BDB0C
Q24856345,김종민,,,Q50503466,충청남도 논산시계룡시금산군,2016-05-30,2020-05-29,male,,,Q24856345-E65ED6FC-4655-45EF-9A77-C8F275FE920D
Q24856352,이철규,,,Q50501423,강원도 동해시삼척시,2016-05-30,2020-05-29,male,,,Q24856352-42391632-1A57-4601-BA32-A0A4FB49307A
Q24856354,이용주,,,Q50500884,전라남도 여수시갑,2016-05-30,2020-05-29,male,,,Q24856354-34389B0F-0DD3-459D-BEB1-968FBC84B1D5
Q24856356,윤영일,,,Q50504657,전라남도 해남군완도군진도군,2016-05-30,2020-05-29,male,,,Q24856356-65761633-0246-4D2B-88D9-4AD372284D4D
Q24856357,이만희,,,Q50499739,경상북도 영천시청도군,2016-05-30,2020-05-29,male,2022-08-01,https://ko.wikipedia.org/wiki/%EB%8C%80%ED%95%9C%EB%AF%BC%EA%B5%AD_%EC%A0%9C20%EB%8C%80_%EA%B5%AD%ED%9A%8C%EC%9D%98%EC%9B%90_%EB%AA%A9%EB%A1%9D_(%EC%A7%80%EC%97%AD%EA%B5%AC%EB%B3%84),Q24856357-93D81481-822C-4139-850C-346BEE3F9CBD
Q24856358,최경환,,,Q31179467,북구 을,2016-05-30,2020-05-29,male,,,Q24856358-B8E48A94-AB9A-45D0-A53F-750591D88919
Q24856359,이태규,,,Q50506172,비례대표 국회의원 선거구,2016-05-30,2020-03-17,male,,,Q24856359-4fe002cf-4bd4-58cb-56bc-a87a4bee0420
Q24856366,김종회,,,Q50500904,전라북도 김제시부안군,2016-05-30,2020-05-29,male,,,Q24856366-2C7C30DE-FB91-4C88-92FC-126E8BAFF391
Q24856389,이동섭,,,Q50506172,비례대표 국회의원 선거구,2016-05-30,2020-03-19,male,,,Q24856389-1A9224F2-5072-4678-AD18-CC18BD0FB6DA
Q24856405,김규환,,,,,2016-05-30,2020-05-29,male,,,Q24856405-21DD30E3-7948-4449-9226-30706FB6C1B6
Q24856408,박주현,,,Q50506172,비례대표 국회의원 선거구,2016-05-30,2020-05-29,female,,,Q24856408-6A36784D-76FC-4784-8B91-676962F7DCBD
Q24856410,김성태,,,,,2016-05-30,2020-05-29,male,,,Q24856410-18AD6F7B-AEC6-4C30-9B1F-34E16529FB7A
Q24856411,김현아,,,,,2016-05-30,2020-05-29,female,,,Q24856411-271D6952-B2DC-4596-B3D7-003EFA2BBE07
Q24856412,김승희,,,,,2016-05-30,2020-05-29,female,,,Q24856412-0FBFFD84-459D-4BB9-B419-55CEBD7E5FCD
Q26924478,김병기,,,Q31180226,동작구 갑,2016-05-30,2020-05-29,male,,,Q26924478-AC0E3C9D-8F7A-4FBA-9EA8-BFB74E898023
Q28700301,여영국,,,Q31179686,창원시 성산구,2019-04-04,2020-05-29,male,,,Q28700301-87748e0b-6692-46a6-9745-f70e476419d7
Q2947463,인재근,,,Q31180316,도봉구 갑,2016-05-30,2020-05-29,female,,,Q2947463-8B859B33-583D-41BA-8C8B-7574ED0160D3
Q30093075,심기준,,,Q50506172,비례대표 국회의원 선거구,2017-03-14,2020-05-29,male,,,Q30093075-21955e80-4b61-95ec-bd31-1093dec5c3d1
Q31178630,송언석,,,Q31179128,김천시,2018-06-14,2020-05-29,male,,,Q31178630-92ba8e36-422b-9b2d-7966-1a50e530d598
Q31178821,맹성규,,,Q31179678,남동구 갑,2018-06-14,2020-05-29,male,,,Q31178821-bde3807a-41f0-273c-3e4d-e0cc35803048
Q319920,이해찬,,,Q31180738,세종특별자치시,2016-05-30,2020-05-29,male,,,Q319920-def38942-4c9f-5f88-2cd7-ab79c96b3f27
Q3540842,이철우,,,Q31179128,김천시,2016-05-30,2018-05-14,male,,,Q3540842-C752E319-7108-4822-8BFC-4D560439389C
Q4696248,안상수,,,Q31179614,중구·동구·강화군·옹진군,2016-05-30,2020-05-29,male,,,Q4696248-CDB79AEA-DF1A-4CF1-8E79-FB3FEB73E74D
Q482814,노회찬,,,Q31179686,창원시 성산구,2016-05-30,2018-07-23,male,,,Q482814-F85509F1-5D83-44E8-84CB-DE60BB983C52
Q484024,송영길,,,Q31179607,계양구 을,2016-05-30,2020-05-29,male,,,Q484024-9a6c3f6f-430d-8320-b41e-f6f24a94a937
Q484698,조훈현,,,Q13365595,비례대표제,2016-05-30,2020-05-29,male,,,Q484698-031BF4DD-CCDD-495F-B9E2-F37C45911FB7
Q491437,정동영,,,Q50500548,전주시 병,2016-05-30,2020-05-29,male,,,Q491437-60266056-A5E4-4104-85A3-2CF3EB2C45B5
Q50062431,심재철,,,Q50501351,안양시 동안구 을,2016-05-30,2020-05-29,male,,,Q50062431-5256c9a1-42b7-7e75-a68f-b9c5c0065679
Q5103931,최경환,,,Q50503912,경상북도 경산시,2016-05-30,2019-07-11,male,,,Q5103931-845268B0-594F-4270-B881-35C0FAFACFA7
Q55728334,김정호,,,Q31179704,김해시 을,2018-06-14,2020-05-29,male,2022-08-01,https://ko.wikipedia.org/wiki/%EB%8C%80%ED%95%9C%EB%AF%BC%EA%B5%AD_%EC%A0%9C20%EB%8C%80_%EA%B5%AD%ED%9A%8C%EC%9D%98%EC%9B%90_%EB%AA%A9%EB%A1%9D_(%EC%A7%80%EC%97%AD%EA%B5%AC%EB%B3%84),Q55728334-46d1e2e3-4183-6d77-f18e-8f1d37621195
Q55730831,서삼석,,,Q50501112,전라남도 영암군무안군신안군,2018-06-14,2020-05-29,male,,,Q55730831-220059ef-4994-0107-2830-60e21e368638
Q55731119,송갑석,,,Q31179457,서구 갑,2018-06-14,2020-05-29,male,,,Q55731119-d2045bdd-45b8-ee7a-0139-1218bfbc5817
Q55732943,윤일규,,,Q50499854,천안시 병,2018-06-14,2020-05-29,male,,,Q55732943-1a9fc076-480b-a6cb-9f25-554a51c98acd
Q55732959,윤준호,,,Q31179726,해운대구 을,2018-06-14,2020-05-29,male,2022-08-01,https://ko.wikipedia.org/wiki/%EB%8C%80%ED%95%9C%EB%AF%BC%EA%B5%AD_%EC%A0%9C20%EB%8C%80_%EA%B5%AD%ED%9A%8C%EC%9D%98%EC%9B%90_%EB%AA%A9%EB%A1%9D_(%EC%A7%80%EC%97%AD%EA%B5%AC%EB%B3%84),Q55732959-148bc95f-481c-6f99-2dfd-617caf22ce4b
Q55733110,이규희,,,Q50499163,천안시 갑,2018-06-14,2020-05-29,,,,Q55733110-0c2139ca-429e-4ce4-2374-414e59e09c88
Q55733229,이상헌,,,Q4986788,북구,2018-06-14,2020-05-29,male,2022-08-01,https://ko.wikipedia.org/wiki/%EB%8C%80%ED%95%9C%EB%AF%BC%EA%B5%AD_%EC%A0%9C20%EB%8C%80_%EA%B5%AD%ED%9A%8C%EC%9D%98%EC%9B%90_%EB%AA%A9%EB%A1%9D_(%EC%A7%80%EC%97%AD%EA%B5%AC%EB%B3%84),Q55733229-b7abcbb6-40f0-97f7-e809-3227e4f5cb4d
Q55733555,이후삼,,,Q50502178,충청북도 제천시단양군,2018-06-14,2020-05-29,,,,Q55733555-915c0e66-4296-64a6-c799-f37886db5ef3
Q57912222,임재훈,,,Q50506172,비례대표 국회의원 선거구,2018-10-01,2020-05-29,male,2022-08-01,https://ko.wikipedia.org/wiki/%EB%8C%80%ED%95%9C%EB%AF%BC%EA%B5%AD_%EC%A0%9C20%EB%8C%80_%EA%B5%AD%ED%9A%8C%EC%9D%98%EC%9B%90_%EB%AA%A9%EB%A1%9D_(%EC%A7%80%EC%97%AD%EA%B5%AC%EB%B3%84),Q57912222-5267b339-424a-ff85-487b-76f6cc2295c2
Q624217,박지원,,,Q50500817,전라남도 목포시,2016-05-30,2020-05-29,male,,,Q624217-0467e20d-4607-593c-5dd3-e6a2bf60c6ac
Q62690074,정점식,,,Q31179699,통영시·고성군,2019-04-04,2020-05-29,male,,,Q62690074-37b66421-3be9-4942-a3c8-914ea036bc4f
Q6408593,김두관,,,Q50499422,김포시 갑,2016-05-30,2020-05-29,male,,,Q6408593-947B7ED1-C3B2-4E43-B57C-A4D0311ECD08
Q6514941,이상돈,,,Q50506172,비례대표 국회의원 선거구,2016-05-30,2020-05-29,male,2022-08-01,https://ko.wikipedia.org/wiki/%EB%8C%80%ED%95%9C%EB%AF%BC%EA%B5%AD_%EC%A0%9C20%EB%8C%80_%EA%B5%AD%ED%9A%8C%EC%9D%98%EC%9B%90_%EB%AA%A9%EB%A1%9D_(%EC%A7%80%EC%97%AD%EA%B5%AC%EB%B3%84),Q6514941-FDE5B433-3304-4C18-8294-EA4BFA152F29
Q6956410,나경원,,,Q31180228,동작구 을,2016-05-30,2020-05-29,female,,,Q6956410-FB4A2A68-7062-4C22-859D-E9392CEEF668
Q85414433,허윤정,,,Q50506172,비례대표 국회의원 선거구,2020-01-30,2020-05-29,female,,,Q85414433-cb836e15-4e0a-b321-1dbd-0927af60f2fb
